{
  "drive": {
    "p": 0.00070645,
    "i": 0,
    "d": 0,
    "f": 0,
    "iz": 0
  },
  "angle": {
    "p": 0.0050645,
    "i": 0,
    "d": 0,
    "f": 0,
    "iz": 0
  }
}
